model,condition,depth,layer,mean,sem,ci
inspired,trained,0,conv_layers.0,0.08652685320607545,0.004059835453178632,0.007957277488230118
inspired,trained,1,conv_layers.1,0.11335561663680024,0.00381490043612898,0.007477204854812801
inspired,trained,2,conv_layers.2,0.11009243098349149,0.006677427433819608,0.013087757770286432
inspired,trained,3,rnn,-0.022313688495328617,0.004860269209487636,0.009526127650595767
inspired,trained,4,classifier,-0.01737355573138216,0.003457076648042595,0.006775870230163486
inspired,untrained,0,conv_layers.0,0.0492999045268966,0.007820281267615366,0.015327751284526117
inspired,untrained,1,conv_layers.1,0.05642755670803777,0.009775205926027514,0.019159403615013927
inspired,untrained,2,conv_layers.2,0.0652590434882186,0.015994561247791684,0.0313493400456717
inspired,untrained,3,rnn,0.0031652120393638483,0.011481860764439245,0.02250444709830092
inspired,untrained,4,classifier,0.020086769197858186,0.010713322378825892,0.020998111862498746
uninspired,trained,0,conv_layers.0,0.06089792656001928,0.0018902497877838907,0.003704889584056426
uninspired,trained,1,conv_layers.1,0.10088254419710922,0.004763198149426618,0.009335868372876172
uninspired,trained,2,conv_layers.2,0.09488420513408563,0.005064154497367575,0.009925742814840446
uninspired,trained,3,fc_layers.0,-0.0010045885228545486,0.00513143987151028,0.01005762214816015
uninspired,trained,4,fc_layers.1,-0.02907258338109725,0.004014775290411593,0.007868959569206722
uninspired,trained,5,classifier,-0.03694573921734032,0.00393870051900458,0.007719853017248976
uninspired,untrained,0,conv_layers.0,0.04938127145549671,0.0035907558499983627,0.007037881465996791
uninspired,untrained,1,conv_layers.1,0.0772680899872838,0.011277498520689148,0.022103897100550732
uninspired,untrained,2,conv_layers.2,0.09897591127306646,0.006525080702039129,0.012789158175996693
uninspired,untrained,3,fc_layers.0,0.06121165081268727,0.009221110624431868,0.01807337682388646
uninspired,untrained,4,fc_layers.1,0.06237674218619018,0.009155991064364405,0.017945742486154232
uninspired,untrained,5,classifier,0.061908820614901425,0.008680885074990466,0.017014534746981315
waveform,trained,0,hidden_layers.0,-0.07857648341417148,0.007785708541263366,0.015259988740876198
waveform,trained,1,hidden_layers.1,-0.0404750836742679,0.004521730556182373,0.00886259189011745
waveform,trained,2,hidden_layers.2,-0.027685599409023452,0.004842700272984808,0.009491692535050222
waveform,trained,3,hidden_layers.3,-0.023982098346999377,0.006346539478495012,0.012439217377850222
waveform,trained,4,hidden_layers.4,-0.01037479539757222,0.006907077703561259,0.013537872298980068
waveform,trained,5,classifier,0.014508803847583952,0.008681103824663017,0.017014963496339516
waveform,untrained,0,hidden_layers.0,-0.021795707442846108,0.0023785851296738015,0.004662026854160651
waveform,untrained,1,hidden_layers.1,-0.023007722999194798,0.001400772734520938,0.0027455145596610385
waveform,untrained,2,hidden_layers.2,-0.027510340048209042,0.004726874092532027,0.009264673221362773
waveform,untrained,3,hidden_layers.3,-0.01850734554765051,0.010102239617311642,0.01980038964993082
waveform,untrained,4,hidden_layers.4,-0.020402407767212218,0.009301760968375003,0.018231451498015003
waveform,untrained,5,classifier,-0.007772142102093406,0.010592724461681437,0.020761739944895618
yamnet,pretrained,0,layer01relu,0.07063194257880955,,0.0
yamnet,pretrained,1,layer02relu,0.10390950977393015,,0.0
yamnet,pretrained,2,layer03relu,0.10207614532009887,,0.0
yamnet,pretrained,3,layer04relu,0.08171737340897235,,0.0
yamnet,pretrained,4,layer05relu,0.09356927203024731,,0.0
yamnet,pretrained,5,layer06relu,0.09146915168370212,,0.0
yamnet,pretrained,6,layer07relu,0.11506607431848861,,0.0
yamnet,pretrained,7,layer08relu,0.09762250660921228,,0.0
yamnet,pretrained,8,layer09relu,0.08284109995115252,,0.0
yamnet,pretrained,9,layer10relu,0.0029216922288355022,,0.0
yamnet,pretrained,10,layer11relu,-0.10850673362627736,,0.0
yamnet,pretrained,11,layer12relu,-0.11830578447428702,,0.0
yamnet,pretrained,12,layer13relu,-0.014388245560506562,,0.0
yamnet,pretrained,13,layer14relu,-0.010750051633231894,,0.0
yamnet,pretrained,14,embedding,-0.008493354716980532,,0.0
